Name,Location,Keyword
Werehyena,Africa,hyena
Werehyena,Africa,human
Werehyena,Africa,shapeshifter
Mami Wata,Africa,supernaturally
Mami Wata,Africa,beautiful
Mami Wata,Africa,water
Mami Wata,Africa,spirits
Rompo,Africa,skeletal
Rompo,India,creature
Rompo,Africa,elements
Rompo,Africa,rabbit
Rompo,Africa,badger
Rompo,Africa,bear
Abada,Africa,big
Abada,Africa,dog
Abada,Africa,reported
Abada,Africa,live
Abada,Africa,lands
Abada,Africa,africcongo
Bolla,Albania,dragon
Kulshedra,Albania,drought
Kulshedra,Albania,causing
Kulshedra,Albania,dragon
Xhindi,Albania,elves
Katallan,Albania,meating
Katallan,Albania,giant
Bardha,Albania,mountain
Bardha,Albania,spirit
Drangue,Albania,human
Drangue,Albania,winged
Drangue,Albania,warriors
Lugat,Albania,vampire
Shtriga,Albania,vampire
Shtriga,Albania,witch
Shtriga,Albania,feeds
Shtriga,Albania,children
Baloz,Albania,seamonster
Djall,Albania,devil
Kukudhi,Albania,female
Kukudhi,Albania,demon
Kukudhi,Albania,sickness
Ljubi,Albania,demoness
Stihi,Albania,demonic
Stihi,Albania,dragon
Stihi,Albania,guards
Stihi,Albania,treasure
Zana e malit,Albania,mountain
Zana e malit,Albania,fairy
Zana e malit,Albania,bless
Zana e malit,Albania,warriors
Shadow People,United States,malevolent
Shadow People,United States,ghost
Jackalope,United States,rabbit
Jackalope,United States,antlers
Squonk,United States,ugly
Squonk,United States,lonely
Squonk,United States,creature
Squonk,United States,pool
Squonk,United States,tears
Jersey Devil,United States,demonic dragon
Jersey Devil,United States,flying
Jersey Devil,United States,demon
Jersey Devil,United States,jersey
Bigfoot,United States,forest
Bigfoot,United States,dwelling
Bigfoot,United States,hominid cryptid
Gyascutus,United States,four
Gyascutus,United States,legged
Gyascutus,United States,herbivore
Mothman,United States,large
Mothman,United States,grey
Mothman,United States,winged
Mothman,United States,humanoid
Mothman,United States,glowing
Mothman,United States,red
Mothman,United States,eyes
Raystown Ray,United States,possible
Raystown Ray,United States,plesiosaur
Raystown Ray,United States,serpent
Boo Hag,United States,vampire
Boo Hag,United States,creature
Boo Hag,United States,steals
Boo Hag,United States,energy
Boo Hag,United States,sleeping
Boo Hag,United States,victims
Beast of Bray Road,United States,werewolf
Pope Lick Monster,United States,murderous
Pope Lick Monster,United States,creature
Pope Lick Monster,United States,man
Pope Lick Monster,United States,sheep
Pope Lick Monster,United States,goat
Bunny Man,United States,spirit
Bunny Man,United States,maniac
Bunny Man,United States,bunny
Bunny Man,United States,costume
Bunny Man,United States,ax
Skin-walker,United States,animal
Skin-walker,United States,human shapeshifter
Sisiutl,United States,two
Sisiutl,United States,headed
Sisiutl,United States,seserpent
Hieracosphinx,Egypt,falcon
Hieracosphinx,Egypt,headed
Hieracosphinx,Egypt,sphinx
Criosphinx,Egypt,ram
Criosphinx,Egypt,headed
Criosphinx,Egypt,sphinx
Serpopard,Egypt,serpent
Serpopard,Egypt,leopard
Serpopard,Egypt,hybrid
The Swallower,Egypt,crocodile
The Swallower,Egypt,leopard
The Swallower,Egypt,hippopotamus
The Swallower,Egypt,hybrid
Axex,Egypt,falcon
Axex,Egypt,lion
Axex,Egypt,hybrid
Ammit,Egypt,female
Ammit,Egypt,demon
Ammit,Egypt,lion
Ammit,Egypt,hippopotamus
Ammit,Egypt,crocodile
Anubis,Egypt,god
Anubis,Egypt,underworld
Androsphinx,Egypt,human
Androsphinx,Egypt,headed
Androsphinx,Egypt,sphinx
Kishi,Angola,malevolent
Kishi,Angola,two
Kishi,Angola,faced
Kishi,Angola,seducer
Ghoul,Saudi Arabia,cannibalistic
Ghoul,Saudi Arabia,shapeshifting
Ghoul,Saudi Arabia,desert
Ghoul,Saudi Arabia,genie
Ghoul,Saudi Arabia,classified
Ghoul,Saudi Arabia,undead
Ifrit,Saudi Arabia,fire
Ifrit,Saudi Arabia,genie
Bahamut,Saudi Arabia,giant
Bahamut,Saudi Arabia,fish
Nasnas,Saudi Arabia,half
Nasnas,Saudi Arabia,human
Nasnas,Saudi Arabia,demon
Nasnas,Saudi Arabia,creature
Nasnas,Saudi Arabia,half
Nasnas,Saudi Arabia,body
Anqa,Saudi Arabia,legendary
Anqa,Saudi Arabia,huge
Anqa,Saudi Arabia,satanic
Anqa,Saudi Arabia,eagle
Anqa,Saudi Arabia,human
Anqa,Saudi Arabia,face
Anqa,Saudi Arabia,sometimes
Anqa,Saudi Arabia,resurrect
Marid,Saudi Arabia,jinn
Marid,Saudi Arabia,associated
Marid,Saudi Arabia,fortune
Marid,Saudi Arabia,tellers
Piatek,Armenia,large
Piatek,Armenia,land
Piatek,Armenia,animal
Al,Armenia,spirit
Al,Armenia,steals
Al,Armenia,unborn
Al,Armenia,babies
Al,Armenia,livers
Al,Armenia,pregnant
Al,Armenia,women
Three-legged bird,Asia,solar
Three-legged bird,Africa,bird
Wati-kutjara,Australia,goannspirits
Wondjina,Australia,weather
Wondjina,Australia,spirit
Easter Bilby,Australia,anthropomorphic
Easter Bilby,Australia,bilby
Drop Bear,Australia,large
Drop Bear,Australia,carnivorous
Drop Bear,Australia,koala
Yara-ma-yha-who,Australia,diminutive
Yara-ma-yha-who,Australia,sucker
Yara-ma-yha-who,Australia,fingered
Yara-ma-yha-who,Australia,vampire
Dirawong,Australia,goannspirit
Bunyip,Australia,horse
Bunyip,Australia,walrus
Bunyip,Australia,hybrid
Bunyip,Australia,lake
Bunyip,Australia,monster
Yowie,Australia,nocturnal
Yowie,Australia,human ape
Yowie,Australia,hybrid
Rainbow Serpent,Australia,snake
Minka Bird,Australia,death
Minka Bird,Australia,spirit
Mimi,Australia,extremely
Mimi,Australia,elongated
Mimi,Australia,humanoid
Mimi,Australia,rock
Mokoi,Australia,malevolent
Mokoi,Australia,spirit
Mokoi,Australia,kills
Mokoi,Australia,sorcerers
Muldjewangk,Australia,water
Muldjewangk,Australia,monster
Tepegoz,Azerbaijan,azerbaijani
Tepegoz,Azerbaijan,mythical
Tepegoz,Azerbaijan,creature
Tepegoz,Azerbaijan,similar
Tepegoz,Azerbaijan,cyclops
Tepegoz,Azerbaijan,polyphemus
Ahuizotl,Mexico,anthropophagous
Ahuizotl,Mexico,dog
Ahuizotl,Mexico,monkey
Ahuizotl,Mexico,hybrid
Xiuhcoatl,Mexico,drought
Xiuhcoatl,Mexico,spirit
Cihuateteo,Mexico,ghost
Cihuateteo,Mexico,women
Cihuateteo,Mexico,died
Cihuateteo,Mexico,childbirth
Xelhua,Mexico,giant
Quetzalcoatl,Mexico,mexico
Quetzalcoatl,Mexico,god
Quetzalcoatl,Mexico,feathered
Quetzalcoatl,Mexico,serpent
Cipactli,Mexico,semonster
Cipactli,Mexico,crocodile
Cipactli,Mexico,fish
Cipactli,Mexico,hybrid
Tzitzimitl,Mexico,skeletal
Tzitzimitl,Mexico,star
Tzitzimitl,Mexico,spirit
Chaneque,Mexico,little
Chaneque,Mexico,people and
Chaneque,Mexico,nature
Chaneque,Mexico,spirits
Onza,Mexico,wild
Onza,Mexico,cat
Onza,Mexico,possibly
Onza,Mexico,subspecies
Onza,Mexico,of cougar
Chickcharney,Bahamas,bird
Chickcharney,Bahamas,mammal
Chickcharney,Bahamas,hybrid
Leyak,Bali,anthropophagous
Leyak,Bali,flying
Leyak,Bali,head
Leyak,Bali,entrails
Barong,Bali,tutelary
Barong,Bali,spirit
Dhampir,Balkans,human/vampire
Dhampir,Balkans,hybrid
Žaltys,Estonia,serpentine
Žaltys,Estonia,fertility
Žaltys,Estonia,spirit
Lauma,Estonia,sky
Lauma,Estonia,spirit
Basajaun,Spain,ancestral
Basajaun,Spain,megalith
Basajaun,Spain,building
Basajaun,Spain,race
Aatxe,Spain,bull
Aatxe,Spain,spirit
Herensuge,Spain,dragon
Jentil,Spain,megalith
Jentil,Spain,building
Jentil,Spain,giant
Tartalo,Spain,one
Tartalo,Spain,eyed
Tartalo,Spain,giant
Galtzagorriak,Spain,small
Galtzagorriak,Spain,demonic
Galtzagorriak,Spain,servants
Iratxoak,Spain,small
Iratxoak,Spain,demonic
Iratxoak,Spain,servants
Odei,Spain,storm
Odei,Spain,spirit
Lamiak,Spain,water
Lamiak,Spain,spirit
Lamiak,Spain,bird
Lamiak,Spain,feet
Gaueko,Spain,wolf
Gaueko,Spain,capable
Gaueko,Spain,walking
Gaueko,Spain,upright
Mairu,Spain,megalith
Mairu,Spain,building
Mairu,Spain,giant
Byangoma,Bengladesh,fortune
Byangoma,Bengladesh,telling
Byangoma,Bengladesh,birds
Aleya,Bengladesh,spirit
Aleya,Bengladesh,dead
Aleya,Bengladesh,fisherman
Bestial beast,Brazil,centauroid
Bestial beast,Brazil,specter
Encantado,Brazil,dolphin
Encantado,Brazil,human shapeshifter
Iara,Brazil,female
Iara,Brazil,water
Iara,Brazil,spirit
Headless Mule,Brazil,fire
Headless Mule,Brazil,spewing
Headless Mule,Brazil,headless
Headless Mule,Brazil,spectral
Headless Mule,Brazil,mule
Blue Crow,Brazil,giant
Blue Crow,Brazil,amazonibird
Boi-tatá,Brazil,giant
Boi-tatá,Brazil,snake
Saci,Brazil,one
Saci,Brazil,legged
Saci,Brazil,nature
Saci,Brazil,spirit
Mapinguari,Brazil,giant
Mapinguari,Brazil,sloth
Iannic-ann-ôd,France,ghost
Iannic-ann-ôd,France,drowned
Iannic-ann-ôd,France,person
Korrigan,France,little
Korrigan,France,people and
Korrigan,France,nature
Korrigan,France,spirits
Morgens,France,water
Morgens,France,spirits
Black Dog,Britain,canine
Black Dog,Britain,death
Black Dog,Britain,spirit
Karakoncolos,Bulgaria,troublesome
Karakoncolos,Turkey,spirit
Chinthe,Myanmar,temple
Chinthe,Myanmar,guarding
Chinthe,Myanmar,feline
Ogopogo,Canada,canadian
Ogopogo,Canada,lake
Ogopogo,Canada,monster
Mugwump,Canada,fish
Mugwump,Canada,lake
Mugwump,Canada,monster
Fish-man,Spain,amphibious
Fish-man,Spain,scaled
Fish-man,Spain,humanoid
Trenti,Spain,diminutive
Trenti,Spain,demon
Ramidreju,Spain,extremely
Ramidreju,Spain,long
Ramidreju,Spain,weasel
Ramidreju,Spain,animal
Ojáncanu,Spain,giant
Ojáncanu,Spain,cyclops
Ojáncanu,Spain,embodies
Ojáncanu,Spain,evil
Cuegle,Spain,monstrous
Cuegle,Spain,three
Cuegle,Spain,armed
Cuegle,Spain,humanoid
Dip,Spain,demonic
Dip,Spain,vampiric
Dip,Spain,dog
Víbria,Spain,dragon
Víbria,Spain,breasts
Víbria,Spain,eagle
Víbria,Spain,beak
Aloja,Spain,female
Aloja,Spain,water
Aloja,Spain,spirit
Drac,Spain,lion
Drac,Spain,bull
Drac,Spain,faced
Drac,Spain,dragon
Pesanta,Spain,nightmare
Pesanta,Spain,demon
Pesanta,Spain,form
Pesanta,Spain,cat
Pesanta,Spain,dog
Negret,Spain,little
Negret,Spain,people coins
Bugul Noz,Ireland,extremely
Bugul Noz,Ireland,ugly
Bugul Noz,Ireland,but
Bugul Noz,Ireland,kind
Bugul Noz,Ireland,forest
Bugul Noz,Ireland,spirit
Leanan sidhe,Ireland,fairy
Leanan sidhe,Ireland,lover
Fuath,Ireland,malevolent
Fuath,Ireland,water
Fuath,Ireland,spirit
Baobhan Sith,Ireland,beautiful
Baobhan Sith,Ireland,vampiric
Baobhan Sith,Ireland,seductresses
Baobhan Sith,Ireland,prey
Baobhan Sith,Ireland,young
Baobhan Sith,Ireland,travelers
Mbwiri,Central Africa,possessing
Mbwiri,Central Africa,demon
Eloko,Central Africa,little
Eloko,Central Africa,people and
Eloko,Central Africa,malevolent
Eloko,Central Africa,nature
Eloko,Central Africa,spirits
Cadejo,Central America,cow
Cadejo,Central America,sized
Cadejo,Central America,dog
Cadejo,Central America,goat
Cadejo,Central America,hybrid
Alicanto,Chile,bird
Alicanto,Chile,eats
Alicanto,Chile,gold
Alicanto,Chile,silver
Yaoguai,China,animalistic
Yaoguai,China,demon
Yaoguai,China,fallen
Yaoguai,China,gods
Ba Jiao Gui,China,banantree
Ba Jiao Gui,China,spirit
Wu Tou Gui,China,beheaded
Wu Tou Gui,China,ghost
Tianlong,China,celestial
Tianlong,China,dragon
Hundun,China,chaos
Hundun,China,spirit
Fenghuang,China,china
Fenghuang,China,phoenix
Fenghuang,China,female
Fenghuang,China,marriage
Fenghuang,China,symbol
Fei Lian,China,china
Fei Lian,China,wind
Fei Lian,China,god
Yuan Gui,China,distressed
Yuan Gui,China,ghost
Jiaolong,China,dragon
Long Ma,China,dragon
Long Ma,China,horse
Long Ma,China,hybrid
Qilin,China,dragon
Qilin,China,ox
Qilin,China,deer
Qilin,China,hybrid
Batsu,China,drought
Batsu,China,spirit
Shui Gui,China,drowned
Shui Gui,China,ghost
Dilong,China,earth
Dilong,China,dragon
Bashe,China,elephant
Bashe,China,swallowing
Bashe,China,serpent
Zh? Què,China,fire
Zh? Què,China,elemental
Zh? Què,China,bird
Gui Po,China,ghost
Gui Po,China,manifests
Gui Po,China,old
Gui Po,China,woman
Gui Shu,China,ghostly
Gui Shu,China,tree
Gui Shu,China,confuses
Gui Shu,China,travelers
Gui Shu,China,moving
Peng,China,giant
Peng,China,bird
Kun,China,giant
Kun,China,fish
Dragon turtle,China,giant
Dragon turtle,China,turtle
Dragon turtle,China,dragon
Dragon turtle,China,head
Taotie,China,greed
Taotie,China,spirit
Diao Si Gui,China,hanged
Diao Si Gui,China,ghost
Xing Tian,China,headless
Xing Tian,China,giant
Pi yao,China,horned
Pi yao,China,dragon
Pi yao,China,lion
Pi yao,China,hybrid
Er Gui,China,hungry
Er Gui,China,ghost
Jiangshi,China,life
Jiangshi,China,draining
Jiangshi,China,reanimated
Jiangshi,China,corpse
Tiangou,China,meteoric
Tiangou,China,dog
Jiufeng,China,nine
Jiufeng,China,headed
Jiufeng,China,bird
Jiufeng,China,hubei
Jiu tou niao,China,nine
Jiu tou niao,China,headed
Jiu tou niao,China,demonic
Jiu tou niao,China,bird
Huli jing,China,nine
Huli jing,China,tailed
Huli jing,China,fox
Huli jing,China,spirit
Jian,China,one
Jian,China,eyed
Jian,China,one
Jian,China,winged
Jian,China,bird
Kui,China,one
Kui,China,legged
Kui,China,monster
Zhulong,China,pig
Zhulong,China,headed
Zhulong,China,dragon
Nian,China,predatory
Nian,China,animal
Shishi,China,protective
Shishi,China,animal
Shang-Yang,China,rain
Shang-Yang,China,bird
Shen,China,shapeshifing
Shen,China,seamonster
Bai Ze,China,talking
Bai Ze,China,beast
Bai Ze,China,knowledge
Bai Ze,China,harmful
Bai Ze,China,spirits
Penghou,China,tree
Penghou,China,spirit
Luduan,China,truth
Luduan,China,detecting
Luduan,China,animal
Fucanglong,China,underworld
Fucanglong,China,dragon
Nü Gui,China,vengeful
Nü Gui,China,female
Nü Gui,China,ghost
You Hun Ye Gui,China,wandering
You Hun Ye Gui,China,ghost
Panlong,China,water
Panlong,China,dragon
Water monkey,China,water
Water monkey,China,spirit
Shenlong,China,weather
Shenlong,China,dragon
Pixiu,China,winged
Pixiu,China,lion
Mogwai,China,vengeful
Mogwai,China,ghost demon
Viruñas,Colombia,handsome
Viruñas,Colombia,demon
Hombre Caiman,Colombia,human
Hombre Caiman,Colombia,alligator
Hombre Caiman,Colombia,hybrid
Pollo Maligno,Colombia,meating
Pollo Maligno,Colombia,chicken
Pollo Maligno,Colombia,spirit
La Tunda,Colombia,nature
La Tunda,Colombia,spirit
La Tunda,Colombia,seduces
La Tunda,Colombia,kills
La Tunda,Colombia,men
La Mojana,Colombia,shapeshifting
La Mojana,Colombia,female
La Mojana,Colombia,water
La Mojana,Colombia,spirit
Candileja,Colombia,spectral
Candileja,Colombia,fiery
Candileja,Colombia,hag
Madremonte,Colombia,nature
Madremonte,Colombia,guardian
Moss people,Germany,little
Moss people,Germany,people and
Moss people,Germany,tree
Moss people,Germany,spirits
Valravn,Denmark,supernatural
Valravn,Denmark,raven
Ciguapa,Dominican Republic,malevolent
Ciguapa,Dominican Republic,seductress
Witte Wieven,Netherlands,female
Witte Wieven,Netherlands,ancestral
Witte Wieven,Netherlands,spirit
Bokkenrijders,Netherlands,ghosts
Bokkenrijders,Netherlands,devils
Bokkenrijders,Netherlands,flying
Bokkenrijders,Netherlands,goats
Kabouter,Netherlands,little
Kabouter,Netherlands,people underground
Kabouter,Netherlands,mushrooms
Kabouter,Netherlands,spirits
Agogwe,East Africa,small
Agogwe,East Africa,ape
Agogwe,East Africa,humanoid
Geb,Egypt,god
Geb,Egypt,earth
Geb,Egypt,married
Geb,Egypt,nut
Bennu,Egypt,heron
Bennu,Egypt,regenerative
Bennu,Egypt,bird
Bennu,Egypt,equivalent
Ba,Egypt,soul
Ba,Egypt,deceased
Ba,Egypt,bird
Ba,Egypt,human
Ba,Egypt,headed
Ba,Egypt,bird
Mummy,Egypt,undead
Mummy,Egypt,creature
Mummy,Egypt,revives
Familiar,England,animal
Familiar,England,servant
Bugbear,England,bearlike
Bugbear,England,goblin
Black Annis,England,blue
Black Annis,England,faced
Black Annis,England,hag
Tiddy Mun,England,bog
Tiddy Mun,England,spirit
Cofgod,England,cove
Cofgod,England,god
Shug Monkey,England,dog
Shug Monkey,England,monkey
Redcap,England,evil
Redcap,England,ugly
Redcap,England,humanoid
Gog,England,giant
Gog,England,protector
Gog,England,london
Lambton Worm,England,giant
Lambton Worm,England,worm
Yeth hound,England,headless
Yeth hound,England,dog
Hob,England,house
Hob,England,spirit
Lubber fiend,England,house
Lubber fiend,England,spirit
Puck,England,house
Puck,England,spirit
Jack-In-Irons,England,malevolent
Jack-In-Irons,England,giant
Boggart,England,malevolent
Boggart,England,household
Boggart,England,spirit
Bogeyman,England,malevolent
Bogeyman,England,spirit
Hobbididance,England,malevolent
Hobbididance,England,spirit
Brag,England,malevolent
Brag,England,water
Brag,England,horse
Grindylow,England,malevolent
Grindylow,England,water
Grindylow,England,spirit
Duergar,England,malevolent little
Duergar,England,people
Bluecap,England,mine
Bluecap,England,dwelling
Bluecap,England,fairy
Yallery-Brown,England,nature
Yallery-Brown,England,spirit
Sceadugenga,England,shapeshifting
Sceadugenga,England,undead
Atomy,England,surprisingly
Atomy,England,small
Atomy,England,creature
Ettin,England,three
Ettin,England,headed
Ettin,England,giant
Knucker,England,water
Knucker,England,dragon
Asrai,England,water
Asrai,England,spirit
Magog,England,giant
Magog,England,protector
Magog,England,london
Merlin,England,elderly
Merlin,England,wizard
Grim,England,tutelary
Grim,England,spirits
Grim,England,churches
Warg,England,giant
Warg,England,demonic
Warg,England,wolf
Brownie,England,benevolent
Brownie,England,household
Brownie,England,spirit
Killmoulis,England,ugly
Killmoulis,England,mischievous
Killmoulis,England,mill
Killmoulis,England,spirit
Shellycoat,England,water
Shellycoat,England,spirit
Maa-alused,Estonia,subterranean
Maa-alused,Estonia,spirit
Wild man,Europe,hairy
Wild man,Europe,bipedal
Wild man,Europe,mlike
Wild man,Europe,creature
Changeling,Europe,humanoid
Changeling,Europe,child
Headless Horseman,Europe,humanoid
Headless Horseman,Europe,spirit
Headless Horseman,Europe,haunts
Headless Horseman,Europe,kills
Orobas,Europe,horse
Orobas,Europe,headed
Orobas,Europe,honest
Orobas,Europe,oracle
Orobas,Europe,demon
Otso,Finland,bear
Otso,Finland,spirit
Ajatar,Finland,dragon
Ajatar,Finland,snake
Ajatar,Finland,female
Ajatar,Finland,spirit
Ajatar,Finland,said
Ajatar,Finland,spread
Ajatar,Finland,diseases
Akka,Finland,female
Akka,Finland,spirits
Akka,Finland,minor
Akka,Finland,goddesses
Surma,Finland,hellhound
Piru,Finland,minor
Piru,Finland,demon
Hiisi,Finland,nature
Hiisi,Finland,guardian
Iku-Turso,Finland,semonster
Paasselkä devils,Finland,spectral
Paasselkä devils,Finland,fire
Haltija,Finland,spirit
Haltija,Finland,protects
Haltija,Finland,specific
Haltija,Finland,place
Antero Vipunen,Finland,subterranean
Antero Vipunen,Finland,giant
Näkki,Finland,water
Näkki,Finland,spirit
Etiäinen,Finland,spirit
Etiäinen,Finland,being
Etiäinen,Finland,living
Etiäinen,Finland,person
Menninkäinen,Finland,little
Menninkäinen,Finland,people and
Menninkäinen,Finland,nature
Menninkäinen,Finland,spirits
Dahu,France,deer ibex
Dahu,Switzerland,legs
Dahu,Italy,shorter
Lutin,France,amusing
Lutin,France,goblin
Peluda,France,dragon
Tarasque,France,dragon
Tarasque,France,leonine
Tarasque,France,turtle
Tarasque,France,bear
Tarasque,France,human
Cheval Gauvin,France,evil
Cheval Gauvin,France,horse
Cheval Gauvin,France,drowns
Cheval Gauvin,France,riders
Cheval Gauvin,France,similar
Cheval Gauvin,France,to kelpie
Cheval Mallet,France,evil
Cheval Mallet,France,horse
Cheval Mallet,France,runs
Cheval Mallet,France,away
Cheval Mallet,France,travelers
Ankou,France,skeletal
Ankou,France,grave
Ankou,France,watcher
Ankou,France,lantern
Ankou,France,scythe
Farfadet,France,small
Lou Carcolh,France,snake
Lou Carcolh,France,mollusk
Lou Carcolh,France,hybrid
Gargouille,France,water
Gargouille,France,dragon
Loup-garou,France,werewolf
Drac,France,winged
Drac,France,seserpent
Matagot,France,spirit
Matagot,France,animal
Matagot,France,form
Matagot,France,black
Matagot,France,cat
Nachzehrer,Germany,anthropophagous
Nachzehrer,Germany,undead
Erlking,Germany,death
Erlking,Germany,spirit
Weisse Frauen,Germany,female
Weisse Frauen,Germany,spirit
Wolpertinger,Germany,forest
Wolpertinger,Germany,animal
Wolpertinger,Germany,comprised
Wolpertinger,Germany,various
Wolpertinger,Germany,animal
Wolpertinger,Germany,parts
Waldgeist,Germany,forest
Waldgeist,Germany,spirit
Poltergeist,Germany,ghost
Poltergeist,Germany,moves
Poltergeist,Germany,objects
Doppelgänger,Germany,ghostly
Doppelgänger,Germany,double
Vielfras,Germany,gluttonous
Vielfras,Germany,dog
Vielfras,Germany,cat
Vielfras,Germany,fox
Vielfras,Germany,hybrid
Putz,Germany,house
Putz,Germany,spirit
Heinzelmännchen,Germany,household
Heinzelmännchen,Germany,spirit
Alp,Germany,male
Alp,Germany,night
Alp,Germany,demon
Drude,Germany,possessing
Drude,Germany,demon
Klabautermann,Germany,ship
Klabautermann,Germany,spirit
Kobold,Germany,little
Kobold,Germany,people and
Kobold,Germany,mine
Kobold,Germany,house
Kobold,Germany,spirits
Firedrake,Germany,dragon
Lindworm,Germany,dragon
Askefrue,Germany,female
Askefrue,Germany,tree
Askefrue,Germany,spirit
Nix,Germany,female
Nix,Germany,water
Nix,Germany,spirit
Gulon,Germany,gluttonous
Gulon,Germany,dog
Gulon,Germany,cat
Gulon,Germany,fox
Gulon,Germany,hybrid
Kofewalt,Germany,house
Kofewalt,Germany,spirit
Elf,Germany,nature
Elf,Germany,fertility
Elf,Germany,spirit
Dwarf,Germany,little
Dwarf,Germany,people nature
Dwarf,Germany,spirits
Fafnir,Germany,dwarf
Fafnir,Germany,cursed
Fafnir,Germany,dragon
Neck,Germany,female
Neck,Germany,water
Neck,Germany,spirit
Wyvern,Germany,flying
Wyvern,Germany,reptile
Wyvern,Germany,usually
Wyvern,Germany,two
Wyvern,Germany,legs
Wyvern,Germany,two
Wyvern,Germany,wings
Krampus,Germany,a christmas devil who
Krampus,Germany,punishes
Krampus,Germany,bad
Krampus,Germany,behaved
Krampus,Germany,children
Laestrygonians,Greece,anthropophagic
Laestrygonians,Greece,giants
Epimeliad,Greece,apple
Epimeliad,Greece,tree
Epimeliad,Greece,nymph
Sileni,Greece,bald
Sileni,Greece,fat
Sileni,Greece,thick
Sileni,Greece,lipped
Sileni,Greece,flat
Sileni,Greece,nosed
Sileni,Greece,followers
Sileni,Greece,of dionysus
Harpy,Greece,birdlike
Harpy,Greece,human
Harpy,Greece,death
Harpy,Greece,spirit
Eurynomos,Greece,blue
Eurynomos,Greece,black
Eurynomos,Greece,carrion
Eurynomos,Greece,eater
Eurynomos,Greece,underworld
Colchis bull,Greece,bronze
Colchis bull,Greece,hoofed
Colchis bull,Greece,bulls
Ophiotaurus,Greece,bull
Ophiotaurus,Greece,serpent
Ophiotaurus,Greece,hybrid
Psychai,Greece,butterfly
Psychai,Greece,winged
Psychai,Greece,nymphs
Psychai,Greece,daughters
Psychai,Greece,of psyche
Lamia,Greece,child
Lamia,Greece,devouring
Lamia,Greece,monster
Psychopomp,Greece,creatures
Psychopomp,Greece,spirits
Psychopomp,Greece,angels
Psychopomp,Greece,deities
Psychopomp,Greece,religions
Psychopomp,Greece,escort
Psychopomp,Greece,newly
Psychopomp,Greece,deceased
Psychopomp,Greece,souls
Psychopomp,Greece,earth
Psychopomp,Greece,afterlife
Aerico,Greece,disease
Aerico,Greece,demon
Ladon,Greece,dragon
Ladon,Greece,guarding
Ladon,Greece,golden
Ladon,Greece,apples
Ladon,Greece,the hesperides
Campe,Greece,dragon
Campe,Greece,human scorpion
Campe,Greece,hybrid
Drakaina,Greece,dragons
Drakaina,Greece,depicted
Drakaina,Greece,female
Drakaina,Greece,characteristics
Laelaps,Greece,enchanted
Laelaps,Greece,dog
Laelaps,Greece,caught
Laelaps,Greece,his
Laelaps,Greece,prey
Cerastes,Greece,extremely
Cerastes,Greece,flexible
Cerastes,Greece,horned
Cerastes,Greece,snake
Gorgon,Greece,fanged
Gorgon,Greece,snake
Gorgon,Greece,haired
Gorgon,Greece,humanoids
Gorgon,Greece,stone
Ker,Greece,female
Ker,Greece,death
Ker,Greece,spirit
Empusa,Greece,female
Empusa,Greece,demon
Empusa,Greece,waylays
Empusa,Greece,travelers
Empusa,Greece,seduces
Empusa,Greece,kills
Empusa,Greece,men
Helead,Greece,fen
Helead,Greece,nymph
Crinaeae,Greece,fountain
Crinaeae,Greece,nymph
Naiad,Greece,freshwater
Naiad,Greece,nymph
Heracles,Greece,gatekeeper
Heracles,Greece,olympus
Erymanthian Boar,Greece,giant
Erymanthian Boar,Greece,boar
Karkinos,Greece,giant
Karkinos,Greece,crab
Talos,Greece,giant
Talos,Greece,made
Talos,Greece,bronze
Antaeus,Greece,giant
Antaeus,Greece,strong
Calydonian Boar,Greece,giant
Calydonian Boar,Greece,chthonic
Calydonian Boar,Greece,boar
Teumessian Fox,Greece,gigantic
Teumessian Fox,Greece,fox
Kobalos,Greece,goblin
Kobalos,Greece,thieves
Kobalos,Greece,tricksters
Zeus,Greece,god
Zeus,Greece,lightning
Zeus,Greece,storms
Drakon,Greece,greece
Drakon,Greece,dragons
Kallikantzaroi,Greece,grotesque
Kallikantzaroi,Greece,malevolent
Kallikantzaroi,Greece,spirit
Napaeae,Greece,grotto
Napaeae,Greece,nymph
Alseid,Greece,grove
Alseid,Greece,nymph
Acephali,Greece,headless
Acephali,Greece,humanoids
Ceryneian Hind,Greece,hind
Ceryneian Hind,Greece,golden
Ceryneian Hind,Greece,antlers
Ceryneian Hind,Greece,bronze
Ceryneian Hind,Greece,brass
Ceryneian Hind,Greece,hooves
Siren,Greece,human
Siren,Greece,bird
Siren,Greece,hybrid
Ichthyocentaur,Greece,human
Ichthyocentaur,Greece,fish
Ichthyocentaur,Greece,horse
Ichthyocentaur,Greece,hybrid
Satyr,Greece,human
Satyr,Greece,goat
Satyr,Greece,hybrid
Satyr,Greece,fertility
Satyr,Greece,spirit
Panes,Greece,human
Panes,Greece,goat
Panes,Greece,hybrids
Panes,Greece,descended
Panes,Greece,god
Panes,Greece,pan
Centaur,Greece,human
Centaur,Greece,horse
Centaur,Greece,hybrid
Astomi,Greece,humanoid
Astomi,Greece,pleasant
Astomi,Greece,smells
Astomi,Greece,food
Scylla,Greece,human snake
Scylla,Greece,hybrid
Scylla,Greece,snake
Scylla,Greece,tail
Scylla,Greece,twelve
Scylla,Greece,legs
Scylla,Greece,six
Scylla,Greece,long
Scylla,Greece,necked
Scylla,Greece,snake
Scylla,Greece,heads
Argus Panoptes,Greece,hundred
Argus Panoptes,Greece,eyed
Argus Panoptes,Greece,giant
Daemon,Greece,incorporeal
Daemon,Greece,spirit
Pyrausta,Greece,insect
Pyrausta,Greece,dragon
Pyrausta,Greece,hybrid
Limnades,Greece,lake
Limnades,Greece,nymph
Daphnaie,Greece,laurel
Daphnaie,Greece,tree
Daphnaie,Greece,nymph
Nemean Lion,Greece,lion
Nemean Lion,Greece,impenetrable
Nemean Lion,Greece,skin
Chimaera,Greece,lion
Chimaera,Greece,goat
Chimaera,Greece,snake
Chimaera,Greece,hybrid
Tritons,Greece,male
Tritons,Greece,human
Tritons,Greece,fish
Tritons,Greece,hybrid
Eleionomae,Greece,marsh
Eleionomae,Greece,nymph
Leimakids,Greece,meadow
Leimakids,Greece,nymph
Stymphalian Bird,Greece,metallic
Stymphalian Bird,Greece,bird
Cercopes,Greece,mischievous
Cercopes,Greece,forest
Cercopes,Greece,spirit
Cretan Bull,Greece,monstrous
Cretan Bull,Greece,bull
Oread,Greece,mountain
Oread,Greece,nymph
Hydra,Greece,multi-headed
Hydra,Greece,water
Hydra,Greece,serpent
Hydra,Greece,dragon
Nymph,Greece,nature
Nymph,Greece,spirit
Hesperides,Greece,nymph
Hesperides,Greece,daughters
Hesperides,Greece,atlas
Nereid,Greece,nymph
Nereid,Greece,daughters
Nereid,Greece,nereus
Oceanid,Greece,nymph
Oceanid,Greece,daughters
Oceanid,Greece,oceanus
Corycian nymphs,Greece,nymph
Corycian nymphs,Greece,coryci
Corycian nymphs,Greece,cave
Hamadryad,Greece,oak
Hamadryad,Greece,tree
Hamadryad,Greece,nymph
Cyclops,Greece,one
Cyclops,Greece,eyed
Cyclops,Greece,giant
Arimaspi,Greece,one
Arimaspi,Greece,eyed
Arimaspi,Greece,humanoid
Auloniad,Greece,pasture
Auloniad,Greece,nymph
Titan,Greece,primeval
Titan,Greece,god
Hecatonchires,Greece,primordial
Hecatonchires,Greece,giants
Hecatonchires,Greece,100
Hecatonchires,Greece,hands
Hecatonchires,Greece,fifty
Hecatonchires,Greece,heads
Gigantes,Greece,race
Gigantes,Greece,giants
Gigantes,Greece,fought
Gigantes,Greece,olympigods
Gigantes,Greece,snake
Gigantes,Greece,legs
Hades,Greece,ruler
Hades,Greece,underworld
Charybdis,Greece,semonster
Charybdis,Greece,form
Charybdis,Greece,giant
Charybdis,Greece,mouth
Amphisbaena,Greece,serpent
Amphisbaena,Greece,head
Python,Greece,serpentine
Python,Greece,dragon
Onoskelis,Greece,shapeshifting
Onoskelis,Greece,demon
Gegenees,Greece,six
Gegenees,Greece,armed
Gegenees,Greece,giant
Cabeiri,Greece,smith
Cabeiri,Greece,wine
Cabeiri,Greece,spirit
Agathodaemon,Greece,spirit
Agathodaemon,Greece,vinefields
Agathodaemon,Greece,grainfields
Pegaeae,Greece,spring
Pegaeae,Greece,nymph
Arion,Greece,swift
Arion,Greece,green
Arion,Greece,maned
Arion,Greece,talking
Arion,Greece,horse
Chrysaor,Greece,giant
Chrysaor,Greece,son
Chrysaor,Greece,gorgon medusa
The Fates,Greece,three
The Fates,Greece,time
The Fates,Greece,controlling
The Fates,Greece,sisters
Cerberus,Greece,three
Cerberus,Greece,headed
Cerberus,Greece,dog
Cerberus,Greece,guards
Cerberus,Greece,underworld
Geryon,Greece,three
Geryon,Greece,headed
Geryon,Greece,six
Geryon,Greece,armed
Geryon,Greece,giant
Geryon,Greece,three
Geryon,Greece,torsos
Dryad,Greece,tree
Dryad,Greece,nymph
Orthrus,Greece,two
Orthrus,Greece,headed
Orthrus,Greece,dog
Ipotane,Greece,two
Ipotane,Greece,legged
Ipotane,Greece,horse
Ipotane,Greece,human hybrid
Vrykolakas,Greece,undead
Vrykolakas,Greece,wolf
Vrykolakas,Greece,human hybrid
Lampades,Greece,underworld
Lampades,Greece,nymph
Mormolykeia,Greece,underworld
Mormolykeia,Greece,spirit
Lycanthrope,Greece,werewolf
Leuce,Greece,white
Leuce,Greece,poplar
Leuce,Greece,tree
Leuce,Greece,nymph
Pegasus,Greece,winged
Pegasus,Greece,horse
Erinyes,Greece,winged
Erinyes,Greece,spirits
Erinyes,Greece,vengeance
Erinyes,Greece,justice
Erinyes,Greece,furies
Sphinx,Greece,winged
Sphinx,Greece,womheaded
Sphinx,Greece,lion
Typhon,Greece,winged
Typhon,Greece,snake
Typhon,Greece,legged
Typhon,Greece,giant
Pygmy,Greece,little
Pygmy,Greece,people
Dactyl,Greece,little
Dactyl,Greece,people and
Dactyl,Greece,smith
Dactyl,Greece,healing
Dactyl,Greece,spirits
Meliae,Greece,ash
Meliae,Greece,tree
Meliae,Greece,nymph
Chrysomallus,Greece,golden
Chrysomallus,Greece,winged
Chrysomallus,Greece,ram
Minotaur,Greece,human
Minotaur,Greece,bull
Minotaur,Greece,hybrid
Mares of Diomedes,Greece,meating
Mares of Diomedes,Greece,horses
Medusa,Greece,serpent
Medusa,Greece,female
Medusa,Greece,hybrid
Muse,Greece,spirits
Muse,Greece,inspire
Muse,Greece,artists
Ao Ao,Argentina,anthropophagous
Ao Ao,Argentina,peccary
Ao Ao,Argentina,sheep
Kuarahy Jára,Argentina,forest
Kuarahy Jára,Argentina,spirit
Teju Jagua,Argentina,lizard
Teju Jagua,Argentina,seven
Teju Jagua,Argentina,dog
Teju Jagua,Argentina,heads
Jasy Jaterei,Argentina,nature
Jasy Jaterei,Argentina,guardian
Jasy Jaterei,Argentina,bogeyman
Luison,Argentina,werewolf
Luison,Argentina,cadaver
Luison,Argentina,dog
Kurupi,Argentina,wild
Kurupi,Argentina,man
Kurupi,Argentina,fertility
Kurupi,Argentina,spirit
Pombero,Argentina,wild
Pombero,Argentina,man
Pombero,Argentina,nature
Pombero,Argentina,spirit
Moñái,Argentina,giant
Moñái,Argentina,snake
Moñái,Argentina,antennae
Mbói Tu'?,Argentina,snake
Mbói Tu'?,Argentina,parrot
Mbói Tu'?,Argentina,hybrid
Choorile,Guyana,ghost
Choorile,Guyana,womdied
Choorile,Guyana,childbirth
Jumbee,Guyana,malevolent
Jumbee,Guyana,spirit
Backoo,Guyana,malevolent little
Backoo,Guyana,people
Bush Dai Dai,Guyana,spirit
Bush Dai Dai,Guyana,seduces
Bush Dai Dai,Guyana,kills
Bush Dai Dai,Guyana,men
Ole-Higue,Guyana,vampiric
Ole-Higue,Guyana,hag
Ole-Higue,Guyana,takes
Ole-Higue,Guyana,form
Ole-Higue,Guyana,fireball
Ole-Higue,Guyana,night
Canaima,Guyana,were
Canaima,Guyana,jaguar
‘Elepaio,Hawaii,monarch
‘Elepaio,Hawaii,flycatcher
‘Elepaio,Hawaii,spirit
‘Elepaio,Hawaii,guides
‘Elepaio,Hawaii,canoe
‘Elepaio,Hawaii,builders
‘Elepaio,Hawaii,proper
‘Elepaio,Hawaii,trees
Nawao,Hawaii,savage
Nawao,Hawaii,humanoid
Kupua,Hawaii,shapeshifting
Kupua,Hawaii,tricksters
Nightmarchers,Hawaii,warrior
Nightmarchers,Hawaii,ghosts
Menehune,Hawaii,little
Menehune,Hawaii,people and
Menehune,Hawaii,craftsmen
Turul,Hungary,giant
Turul,Hungary,falcon
Turul,Hungary,magyars
Ördög,Hungary,shapeshifting
Ördög,Hungary,demon
Lidérc,Hungary,magical
Lidérc,Hungary,chicken
Lidérc,Hungary,transforms
Lidérc,Hungary,humanoid
Púki,Iceland,malevolent little
Púki,Iceland,person
Huldufólk,Iceland,secret
Huldufólk,Iceland,mound
Huldufólk,Iceland,rock
Huldufólk,Iceland,elves
Vaibhavi,India,deadly
Vaibhavi,India,snake
Centicore,India,horse
Centicore,India,antelope
Centicore,India,lion
Centicore,India,bear
Centicore,India,hybrid
Makara,India,aquatic
Makara,India,beings
Warak ngendog,Indonesia,egg
Warak ngendog,Indonesia,laying
Warak ngendog,Indonesia,bird
Tupilaq,Alaska,animated
Tupilaq,Alaska,construct
Ahkiyyini,Alaska,animated
Ahkiyyini,Alaska,skeleton
Ahkiyyini,Alaska,causes
Ahkiyyini,Alaska,shipwrecks
Atshen,Alaska,anthropophagous
Atshen,Alaska,spirit
Amarok,Alaska,giant
Amarok,Alaska,wolf
Keelut,Alaska,hairless
Keelut,Alaska,dog
Agloolik,Alaska,ice
Agloolik,Alaska,spirit
Agloolik,Alaska,aids
Agloolik,Alaska,hunters
Agloolik,Alaska,fishermen
Qiqirn,Alaska,large
Qiqirn,Alaska,bald
Qiqirn,Alaska,dog
Qiqirn,Alaska,spirit
Kigatilik,Alaska,night
Kigatilik,Alaska,demon
Akhlut,Alaska,orc
Akhlut,Alaska,wolf
Akhlut,Alaska,shapeshifter
Tizheruk,Alaska,seaserpent
Ijiraq,Alaska,spirit
Ijiraq,Alaska,kidnaps
Ijiraq,Alaska,children
Adlet,Alaska,vampiric
Adlet,Alaska,dog
Adlet,Alaska,human hybrid
Wentshukumishiteu,Alaska,water
Wentshukumishiteu,Alaska,spirit
Ishigaq,Alaska,little
Ishigaq,Alaska,people
Qalupalik,Alaska,aquatic
Qalupalik,Alaska,human abductor
Bakhtak,Iran,night
Bakhtak,Iran,demon
Fir Bolg,Ireland,ancestral
Fir Bolg,Ireland,race
Leprechaun,Ireland,cobbler
Leprechaun,Ireland,spirit
Bean Nighe,Ireland,death
Bean Nighe,Ireland,spirit
Bean Nighe,Ireland,type
Bean Nighe,Ireland,banshee
Bean Nighe,Ireland,besídhe
Fetch,Ireland,double
Fetch,Ireland,doppelgänger
Fomorian,Ireland,goat
Fomorian,Ireland,headed
Fomorian,Ireland,giant
Dullahan,Ireland,headless
Dullahan,Ireland,death
Dullahan,Ireland,spirit
Fear gorta,Ireland,hunger
Fear gorta,Ireland,ghost
Dobhar-chu,Ireland,king
Dobhar-chu,Ireland,otter
Gancanagh,Ireland,male
Gancanagh,Ireland,fairy
Gancanagh,Ireland,seduces
Gancanagh,Ireland,human
Gancanagh,Ireland,women
Alp-luachra,Ireland,parasitic
Alp-luachra,Ireland,fairy
Leanashe,Ireland,possessing
Leanashe,Ireland,spirit
Leanashe,Ireland,vampire
Banshee,Ireland,screaming
Banshee,Ireland,death
Banshee,Ireland,spirit
Bloody Bones,Ireland,water
Bloody Bones,Ireland,bogeyman
Far darrig,Ireland,little
Far darrig,Ireland,people
Far darrig,Ireland,pranks
Merrow,Ireland,human
Merrow,Ireland,fish
Merrow,Ireland,hybrid
Sídhe -,Ireland,ancestral
Sídhe -,Scotland,nature
Sídhe -,Ireland,spirit
Kelpie,Ireland,malevolent
Kelpie,Ireland,water
Kelpie,Scotland,horse
Fachen,Ireland,monster
Fachen,Ireland,half
Fachen,Scotland,body
Sluagh,Ireland,restless
Sluagh,Scotland,ghost
Longana,Italy,female
Longana,Italy,human goat
Longana,Italy,hybrid
Longana,Italy,water
Longana,Italy,spirit
Badalisc,Italy,goat
Badalisc,Italy,creature
Badalisc,Italy,alps
Basilisk,Italy,multi-limbed
Basilisk,Italy,venomous
Basilisk,Italy,lizard
Marabbecca,Italy,malevolent
Marabbecca,Italy,water
Marabbecca,Italy,spirit
Shinigami,Japan,death
Shinigami,Japan,god
Kekkai,Japan,amorphous
Kekkai,Japan,afterbirth
Kekkai,Japan,spirit
Tennin,Japan,angelic
Tennin,Japan,humanoid
Nuppeppo,Japan,animated
Nuppeppo,Japan,chunk
Nuppeppo,Japan,dead
Nuppeppo,Japan,flesh
Zorigami,Japan,animated
Zorigami,Japan,clock
Jotai,Japan,animated
Jotai,Japan,folding
Jotai,Japan,screen
Jotai,Japan,cloth
Furu-utsubo,Japan,animated
Furu-utsubo,Japan,jar
Shirouneri,Japan,animated
Shirouneri,Japan,mosquito
Shirouneri,Japan,netting
Shirouneri,Japan,dust
Shirouneri,Japan,cloth
Ch?chinobake,Japan,animated
Ch?chinobake,Japan,paper
Ch?chinobake,Japan,lantern
Kasa-obake,Japan,animated
Kasa-obake,Japan,parasol
Ichiren-Bozu,Japan,animated
Ichiren-Bozu,Japan,prayer
Ichiren-Bozu,Japan,beads
Kyourinrin,Japan,animated
Kyourinrin,Japan,scroll
Kyourinrin,Japan,paper
Bakez?ri,Japan,animated
Bakez?ri,Japan,straw
Bakez?ri,Japan,sandal
Biwa-bokuboku,Japan,animated biwa
Guhin,Japan,anthropomorphic
Guhin,Japan,bird
Tengu,Japan,anthropomorphic
Tengu,Japan,bird
Hihi,Japan,baboon
Hihi,Japan,monster
Kanbari-ny?d?,Japan,bathroom
Kanbari-ny?d?,Japan,spirit
Azukibabaa,Japan,begrinding
Azukibabaa,Japan,hag
Azukibabaa,Japan,devours
Azukibabaa,Japan,people
Kin-u,Japan,bird
Onmoraki,Japan,bird
Onmoraki,Japan,demon
Onmoraki,Japan,created
Onmoraki,Japan,spirits
Onmoraki,Japan,freshly
Onmoraki,Japan,dead
Onmoraki,Japan,corpses
Konoha-tengu,Japan,bird
Konoha-tengu,Japan,creature
Aob?zu,Japan,blue
Aob?zu,Japan,monk
Aob?zu,Japan,kidnaps
Aob?zu,Japan,children
Gy?ki,Japan,bull
Gy?ki,Japan,headed
Gy?ki,Japan,monster
Ushi-oni,Japan,bull
Ushi-oni,Japan,headed
Ushi-oni,Japan,monster
Ikiry?,Japan,cbe
Ikiry?,Japan,considered
Ikiry?,Japan,'living
Ikiry?,Japan,ghost'
Ikiry?,Japan,person's
Ikiry?,Japan,spirit
Ikiry?,Japan,outside
Ikiry?,Japan,body
Nekomusume,Japan,cat
Nekomusume,Japan,form
Nekomusume,Japan,girl
Kasha,Japan,cat
Kasha,Japan,demon
Kasha,Japan,which
Kasha,Japan,descends
Kasha,Japan,sky
Kasha,Japan,carries
Kasha,Japan,away
Kasha,Japan,corpses
Yukinko,Japan,childlike
Yukinko,Japan,snow
Yukinko,Japan,spirit
Shiki-?ji,Japan,child
Shiki-?ji,Japan,sized
Shiki-?ji,Japan,servant
Shiki-?ji,Japan,spirit
Jikininki,Japan,corpse
Jikininki,Japan,eating
Jikininki,Japan,ghost
Heikegani,Japan,crabs
Heikegani,Japan,human
Heikegani,Japan,shells
Heikegani,Japan,spirits
Heikegani,Japan,warriors
Heikegani,Japan,killed
Heikegani,Japan,the battle
Heikegani,Japan,dno
Heikegani,Japan,ura
Abura-sumashi,Japan,creature
Abura-sumashi,Japan,mountain
Abura-sumashi,Japan,pass
Abura-sumashi,Japan,kumamoto
Abura-sumashi,Japan,prefecture
Sh?kera,Japan,creature
Sh?kera,Japan,peers
Sh?kera,Japan,through
Sh?kera,Japan,skylights
?kubi,Japan,death
?kubi,Japan,spirit
Hotoke,Japan,deceased
Hotoke,Japan,person
Wany?d?,Japan,demon
Wany?d?,Japan,form
Wany?d?,Japan,burning
Wany?d?,Japan,human
Wany?d?,Japan,ox
Wany?d?,Japan,cart
Yagy?-san,Japan,demon
Yagy?-san,Japan,rides
Yagy?-san,Japan,through
Yagy?-san,Japan,night
Yagy?-san,Japan,headless
Yagy?-san,Japan,horse
Yakuby?-gami,Japan,disease
Yakuby?-gami,Japan,misfortune
Yakuby?-gami,Japan,spirit
Keukegen,Japan,disease
Keukegen,Japan,spirit
Amazake-babaa,Japan,disease
Amazake-babaa,Japan,causing
Amazake-babaa,Japan,hag
Nukekubi,Japan,disembodied
Nukekubi,Japan,flying
Nukekubi,Japan,head
Nukekubi,Japan,attacks
Nukekubi,Japan,people
Okuri-inu,Japan,dog
Okuri-inu,Japan,wolf
Okuri-inu,Japan,follows
Okuri-inu,Japan,travelers
Okuri-inu,Japan,night
Inugami,Japan,dog
Inugami,Japan,spirit
H?k?,Japan,dog
H?k?,Japan,china
H?k?,Japan,tree
H?k?,Japan,spirit
Yama-inu,Japan,dog
Yama-inu,Japan,mountain
Yama-inu,Japan,spirit
Baku,Japan,dream
Baku,Japan,devouring
Baku,Japan,tapir
Baku,Japan,creature
Hiderigami,Japan,drought
Hiderigami,Japan,spirit
Kanbo,Japan,drought
Kanbo,Japan,spirit
Karura,Japan,eagle
Karura,Japan,human hybrid
Yama-biko,Japan,echo
Yama-biko,Japan,spirit
Akuma,Japan,evil
Akuma,Japan,spirit
Akuma,Japan,devil
Noppera-b?,Japan,faceless
Noppera-b?,Japan,ghost
Zunbera-b?,Japan,faceless
Zunbera-b?,Japan,ghost
Y?sei,Japan,fairy
Kubikajiri,Japan,female
Kubikajiri,Japan,corpse
Kubikajiri,Japan,chewing
Kubikajiri,Japan,graveyard
Kubikajiri,Japan,spirit
Nure-onna,Japan,female
Nure-onna,Japan,monster
Nure-onna,Japan,appears
Nure-onna,Japan,beach
Umi-ny?b?,Japan,female
Umi-ny?b?,Japan,semonster
Umi-ny?b?,Japan,steals
Umi-ny?b?,Japan,fish
Yuki-onna,Japan,female
Yuki-onna,Japan,snow
Yuki-onna,Japan,spirit
Taka-onna,Japan,female
Taka-onna,Japan,spirit
Taka-onna,Japan,peers
S?genbi,Japan,fiery
S?genbi,Japan,ghost
S?genbi,Japan,oil
S?genbi,Japan,stealing
S?genbi,Japan,monk
Kitsune,Japan,fox
Kitsune,Japan,spirit
S?tangitsune,Japan,fox
S?tangitsune,Japan,spirit
S?tangitsune,Japan,kyoto
Y?rei,Japan,ghost
Te-no-me,Japan,ghost
Te-no-me,Japan,blind
Te-no-me,Japan,eyes
Te-no-me,Japan,hands
Oiwa,Japan,ghost
Oiwa,Japan,woman
Oiwa,Japan,distorted
Oiwa,Japan,face
Oiwa,Japan,murdered
Oiwa,Japan,husband
Umib?zu,Japan,ghost
Umib?zu,Japan,drowned
Umib?zu,Japan,priest
Toire-no-Hanakosan,Japan,ghost
Toire-no-Hanakosan,Japan,lurks
Toire-no-Hanakosan,Japan,grade
Toire-no-Hanakosan,Japan,school
Toire-no-Hanakosan,Japan,restroom
Toire-no-Hanakosan,Japan,stalls
Sorobanb?zu,Japan,ghost
Sorobanb?zu,Japan,abacus
Ittan-momen,Japan,ghostly
Ittan-momen,Japan,aerial
Ittan-momen,Japan,phenomenon
Ittan-momen,Japan,attacks
Ittan-momen,Japan,people
Akurojin-no-hi,Japan,ghostly
Akurojin-no-hi,Japan,flame
Akurojin-no-hi,Japan,which
Akurojin-no-hi,Japan,causes
Akurojin-no-hi,Japan,disease
Bake-kujira,Japan,ghostly
Bake-kujira,Japan,whale
Bake-kujira,Japan,skeleton
Bake-kujira,Japan,drifts
Bake-kujira,Japan,coastline
Bake-kujira,Japan,shimane
Bake-kujira,Japan,prefecture
Gaki,Japan,ghosts
Gaki,Japan,especially
Gaki,Japan,greedy
Gaki,Japan,people
Funay?rei,Japan,ghosts
Funay?rei,Japan,people
Funay?rei,Japan,drowned
Funay?rei,Japan,sea
Hitodama,Japan,ghosts
Hitodama,Japan,newly
Hitodama,Japan,dead
Hitodama,Japan,which
Hitodama,Japan,take
Hitodama,Japan,form
Hitodama,Japan,fireballs
Ubume,Japan,ghosts
Ubume,Japan,women
Ubume,Japan,died
Ubume,Japan,childbirth
Namazu,Japan,giant
Namazu,Japan,catfish
Namazu,Japan,earthquakes
Gashadokuro,Japan,giant
Gashadokuro,Japan,malevolent
Gashadokuro,Japan,skeletons
Daidarabotchi,Japan,giant
Daidarabotchi,Japan,japan
?mukade,Japan,giant
?mukade,Japan,human eating
?mukade,Japan,centipede
?mukade,Japan,lives
?mukade,Japan,mountains
Yamata no Orochi,Japan,gigantic
Yamata no Orochi,Japan,eight
Yamata no Orochi,Japan,headed
Yamata no Orochi,Japan,serpent
T?tetsu,Japan,greed
T?tetsu,Japan,spirit
Kurabokko,Japan,guardispirit
Kurabokko,Japan,warehouse
Hy?sube,Japan,hair
Hy?sube,Japan,covered kappa
Kamikiri,Japan,hair
Kamikiri,Japan,cutting
Kamikiri,Japan,spirit
Yama-waro,Japan,hairy
Yama-waro,Japan,one
Yama-waro,Japan,eyed
Yama-waro,Japan,spirit
Katsura-otoko,Japan,handsome
Katsura-otoko,Japan,mfrom
Katsura-otoko,Japan,moon
Sakabashira,Japan,haunted
Sakabashira,Japan,pillar
Sakabashira,Japan,upside-down
Nurarihyon,Japan,head
Nurarihyon,Japan,sized
Nurarihyon,Japan,ball
Nurarihyon,Japan,creature
Nurarihyon,Japan,floats
Nurarihyon,Japan,sailors
Sagari,Japan,horse
Sagari,Japan,head
Sagari,Japan,dangles
Sagari,Japan,trees
Sagari,Japan,ky?sh?
Uma-no-ashi,Japan,horse
Uma-no-ashi,Japan,leg
Uma-no-ashi,Japan,tree
Uma-no-ashi,Japan,kicks
Uma-no-ashi,Japan,passersby
Zashiki-warashi,Japan,house
Zashiki-warashi,Japan,spirit
Kudan,Japan,human
Kudan,Japan,faced
Kudan,Japan,calf
Kudan,Japan,predicts
Kudan,Japan,calamity
Kudan,Japan,dying
Senpoku-Kanpoku,Japan,human
Senpoku-Kanpoku,Japan,faced
Senpoku-Kanpoku,Japan,frog
Senpoku-Kanpoku,Japan,guides
Senpoku-Kanpoku,Japan,newly
Senpoku-Kanpoku,Japan,deceased
Senpoku-Kanpoku,Japan,souls
Senpoku-Kanpoku,Japan,graveyard
Harionago,Japan,humanoid
Harionago,Japan,female
Harionago,Japan,barbed
Harionago,Japan,prehensile
Harionago,Japan,hair
Hyakume,Japan,hundred
Hyakume,Japan,eyes
Hyakume,Japan,creature
Tsurara-onna,Japan,icicle
Tsurara-onna,Japan,woman
Tsukumogami,Japan,inanimate
Tsukumogami,Japan,object
Tsukumogami,Japan,animated
Tsukumogami,Japan,100 years
Konaki-Jijii,Japan,infant
Konaki-Jijii,Japan,cries
Konaki-Jijii,Japan,increases
Konaki-Jijii,Japan,weight
Konaki-Jijii,Japan,crushes
Konaki-Jijii,Japan,victim
Ato-oi-koz?,Japan,invisible
Ato-oi-koz?,Japan,spirit
Ato-oi-koz?,Japan,follows
Ato-oi-koz?,Japan,people
Betobeto-san,Japan,invisible
Betobeto-san,Japan,spirit
Betobeto-san,Japan,follows
Betobeto-san,Japan,people
Betobeto-san,Japan,night
Betobeto-san,Japan,sound
Betobeto-san,Japan,footsteps
Sodehiki-koz?,Japan,invisible
Sodehiki-koz?,Japan,spirit
Sodehiki-koz?,Japan,which
Sodehiki-koz?,Japan,pulls
Sodehiki-koz?,Japan,sleeves
Ashi-magari,Japan,invisible
Ashi-magari,Japan,tendril
Ashi-magari,Japan,impedes
Ashi-magari,Japan,movement
Kirin,Japan,japan
Kirin,Japan,unicorn
Suzaku,Japan,japan
Suzaku,Japan,version
Suzaku,Japan,china
Suzaku,Japan,vermillion
Suzaku,Japan,bird
Kurage-no-hinotama,Japan,jellyfish
Kurage-no-hinotama,Japan,floats
Kurage-no-hinotama,Japan,air
Kurage-no-hinotama,Japan,fireball
Oni,Japan,large
Oni,Japan,grotesque
Oni,Japan,humanoid
Oni,Japan,demon
Oni,Japan,red
Oni,Japan,skin
Oni,Japan,horns
Akki,Japan,large
Akki,Japan,grotesque
Akki,Japan,humanoid
Raij?,Japan,lightning
Raij?,Japan,spirit
Shisa,Japan,lion
Shisa,Japan,dog
Shisa,Japan,hybrid
Rokurokubi,Japan,long
Rokurokubi,Japan,necked
Rokurokubi,Japan,humanoid
Rokurokubi,Japan,trickster
Bakeneko,Japan,magical
Bakeneko,Japan,cat
Yama-uba,Japan,malevolent
Yama-uba,Japan,mountain
Yama-uba,Japan,dwelling
Yama-uba,Japan,hag
Yad?kai,Japan,malevolent
Yad?kai,Japan,nocturnal
Yad?kai,Japan,spirit
Satori,Japan,mind
Satori,Japan,reading
Satori,Japan,humanoid
Kuda-gitsune,Japan,miniature
Kuda-gitsune,Japan,fox
Kuda-gitsune,Japan,spirit
Kanedama,Japan,money
Kanedama,Japan,spirit
Ningyo,Japan,monkey
Ningyo,Japan,fish
Ningyo,Japan,hybrid
Yama-chichi,Japan,monkey
Yama-chichi,Japan,mountain
Yama-chichi,Japan,spirit
Nue,Japan,monkey
Nue,Japan,raccoon
Nue,Japan,dog
Nue,Japan,tiger
Nue,Japan,snake
Nue,Japan,hybrid
Nikusui,Japan,monster
Nikusui,Japan,young
Nikusui,Japan,woman
Nikusui,Japan,sucks
Nikusui,Japan,flesh
Tsurube-otoshi,Japan,monster
Tsurube-otoshi,Japan,bucket
Tsurube-otoshi,Japan,tree
Tsurube-otoshi,Japan,catch
Daitengu,Japan,powerful
Daitengu,Japan,tengu
Daitengu,Japan,mountain
Yobuko,Japan,mountain
Yobuko,Japan,dwelling
Yobuko,Japan,spirit
Yama-otoko,Japan,mountain
Yama-otoko,Japan,giant
Yosuzume,Japan,mysterious
Yosuzume,Japan,bird
Yosuzume,Japan,sings
Yosuzume,Japan,night
Yosuzume,Japan,okuri
Kesaran-pasaran,Japan,mysterious
Kesaran-pasaran,Japan,white
Kesaran-pasaran,Japan,fluffy
Kesaran-pasaran,Japan,creature
Kami,Japan,nature
Kami,Japan,spirit
Ky?bi-no-kitsune,Japan,nine
Ky?bi-no-kitsune,Japan,tailed
Ky?bi-no-kitsune,Japan,fox
Nando-baba,Japan,old
Nando-baba,Japan,woman
Nando-baba,Japan,hides
Nando-baba,Japan,abandoned
Nando-baba,Japan,storerooms
Datsue-ba,Japan,old
Datsue-ba,Japan,woman
Datsue-ba,Japan,steals
Datsue-ba,Japan,clothes
Datsue-ba,Japan,souls
Datsue-ba,Japan,dead
Arikura-no-baba,Japan,old
Arikura-no-baba,Japan,woman
Arikura-no-baba,Japan,magical
Arikura-no-baba,Japan,powers
Hitotsume-koz?,Japan,one
Hitotsume-koz?,Japan,eyed
Hitotsume-koz?,Japan,childlike
Hitotsume-koz?,Japan,spirit
Ichimoku-ny?d?,Japan,one
Ichimoku-ny?d?,Japan,eyed kappa from sado
Ichimoku-ny?d?,Japan,island
Ippon-datara,Japan,one
Ippon-datara,Japan,legged
Ippon-datara,Japan,mountain
Ippon-datara,Japan,spirit
Kitsune-Tsuki,Japan,person
Kitsune-Tsuki,Japan,possessed
Kitsune-Tsuki,Japan,fox
Kitsune-Tsuki,Japan,spirit
Tsuchinoko,Japan,plump
Tsuchinoko,Japan,snake
Tsuchinoko,Japan,creature
Tatami-tataki,Japan,poltergeist
Tatami-tataki,Japan,tatami mats
Tatami-tataki,Japan,night
Komainu,Japan,protective
Komainu,Japan,animal
Zennyo Ry??,Japan,rain
Zennyo Ry??,Japan,making
Zennyo Ry??,Japan,dragon
Shunoban,Japan,red
Shunoban,Japan,faced
Shunoban,Japan,ghoul
Sh?j?,Japan,red
Sh?j?,Japan,haired
Sh?j?,Japan,sesprites
Sh?j?,Japan,alcohol
Soragami,Japan,ritual
Soragami,Japan,disciplinary
Soragami,Japan,demon
Namahage,Japan,ritual
Namahage,Japan,disciplinary
Namahage,Japan,demon
Amamehagi,Japan,ritual
Amamehagi,Japan,disciplinary
Amamehagi,Japan,demon
Anmo,Japan,ritual
Anmo,Japan,disciplinary
Anmo,Japan,demon
Amaburakosagi,Japan,ritual
Amaburakosagi,Japan,disciplinary
Amaburakosagi,Japan,demon
Sunakake-baba,Japan,sand
Sunakake-baba,Japan,throwing
Sunakake-baba,Japan,hag
Yama-bito,Japan,savage
Yama-bito,Japan,mountain
Yama-bito,Japan,dwelling
Yama-bito,Japan,humanoid
Ikuchi,Japan,seaserpent
Ikuchi,Japan,boats
Ikuchi,Japan,oil
Ayakashi,Japan,seaserpent
Ayakashi,Japan,boats
Ayakashi,Japan,oil
Yato-no-kami,Japan,serpent
Yato-no-kami,Japan,spirits
Shikigami,Japan,servant
Shikigami,Japan,spirit
Tanuki,Japan,shapeshifting
Tanuki,Japan,raccoon
Tanuki,Japan,dog
Obake,Japan,shapeshifting
Obake,Japan,spirits
Sazae-oni,Japan,shapeshifting
Sazae-oni,Japan,turbsnail
Sazae-oni,Japan,spirit
Tsuchigumo,Japan,shapeshifting
Tsuchigumo,Japan,giant
Tsuchigumo,Japan,spider
Isonade,Japan,shark
Isonade,Japan,semonster
Kijo,Japan,she
Kijo,Japan,devil
Amanojaku,Japan,small
Amanojaku,Japan,demon
Sunekosuri,Japan,small
Sunekosuri,Japan,dog
Sunekosuri,Japan,cat
Sunekosuri,Japan,creature
Sunekosuri,Japan,rubs
Sunekosuri,Japan,legs
Sunekosuri,Japan,night
Nozuchi,Japan,small
Nozuchi,Japan,seaserpent
Kawa-zaru,Japan,smelly
Kawa-zaru,Japan,cowardly
Kawa-zaru,Japan,water
Kawa-zaru,Japan,spirit
Soraki-gaeshi,Japan,sound
Soraki-gaeshi,Japan,trees
Soraki-gaeshi,Japan,cut
Onibi,Japan,spectral
Onibi,Japan,fire
Ayakashi-no-ayashibi,Japan,spectral
Ayakashi-no-ayashibi,Japan,fire
Asobibi,Japan,spectral
Asobibi,Japan,fire
Jor?gumo,Japan,spider
Jor?gumo,Japan,woman
T?fu-koz?,Japan,spirit
T?fu-koz?,Japan,child
T?fu-koz?,Japan,carrying
T?fu-koz?,Japan,block
T?fu-koz?,Japan,of tofu
Shiry?,Japan,spirit
Shiry?,Japan,dead
Shiry?,Japan,person
Okiku,Japan,spirit
Okiku,Japan,plate
Okiku,Japan,servant
Okiku,Japan,girl
Okiku,Japan,worm
Binb?gami,Japan,spirit
Binb?gami,Japan,poverty
Nurikabe,Japan,spirit
Nurikabe,Japan,manifests
Nurikabe,Japan,impassable
Nurikabe,Japan,invisible
Nurikabe,Japan,wall
Jibakurei,Japan,spirit
Jibakurei,Japan,protects
Jibakurei,Japan,specific
Jibakurei,Japan,place
Uwan,Japan,spirit
Uwan,Japan,shouts
Uwan,Japan,surprise
Uwan,Japan,people
Azukiarai/Azukitogi,Japan,spirit
Azukiarai/Azukitogi,Japan,washes
Azukiarai/Azukitogi,Japan,azuki
Azukiarai/Azukitogi,Japan,beans
Azukiarai/Azukitogi,Japan,riversides
Yanari,Japan,spirit
Yanari,Japan,strange
Yanari,Japan,noises
Nekomata,Japan,split
Nekomata,Japan,tailed
Nekomata,Japan,magical
Nekomata,Japan,cat
Obariyon,Japan,spook
Obariyon,Japan,piggyback
Obariyon,Japan,human
Obariyon,Japan,heavy
Y?kai,Japan,supernatural
Y?kai,Japan,monster
Kawa-uso,Japan,supernatural
Kawa-uso,Japan,river
Kawa-uso,Japan,otter
Nobusuma,Japan,supernatural
Nobusuma,Japan,monstrous
Nobusuma,Japan,flying
Nobusuma,Japan,squirrel
Hakutaku,Japan,talking
Hakutaku,Japan,beast
Hakutaku,Japan,knowledge
Hakutaku,Japan,harmful
Hakutaku,Japan,spirits
Yatagarasu,Japan,three
Yatagarasu,Japan,legged
Yatagarasu,Japan,crow
Yatagarasu,Japan,amaterasu
Shachihoko,Japan,tiger
Shachihoko,Japan,carp
Shachihoko,Japan,hybrid
Kodama,Japan,tree
Kodama,Japan,spirit
Kijimunaa,Japan,tree
Kijimunaa,Japan,sprite
Kijimunaa,Japan,okinawa
Akateko,Japan,tree
Akateko,Japan,dwelling
Akateko,Japan,monster
Zuijin,Japan,tutelary
Zuijin,Japan,spirit
Kokakuch?,Japan,ubume
Kokakuch?,Japan,bird
Shikome,Japan,underworld
Shikome,Japan,hag
Yomotsu-shikome,Japan,underworld
Yomotsu-shikome,Japan,hag
Tantankororin,Japan,unharvested persimmon monster
Ky?ketsuki,Japan,vampire
Shibaten,Japan,water
Shibaten,Japan,spirit
Seko,Japan,water
Seko,Japan,spirit
Seko,Japan,merry
Seko,Japan,night
Shiro-b?zu,Japan,white
Shiro-b?zu,Japan,faceless
Shiro-b?zu,Japan,spirit
Sarugami,Japan,wicked
Sarugami,Japan,monkey
Sarugami,Japan,spirit
Sarugami,Japan,defeated
Sarugami,Japan,dog
Kamaitachi,Japan,wind
Kamaitachi,Japan,spirit
Katawa-guruma,Japan,womriding
Katawa-guruma,Japan,flaming
Katawa-guruma,Japan,wheel
Kiyohime,Japan,womtransformed
Kiyohime,Japan,serpentine
Kiyohime,Japan,demon
Kiyohime,Japan,out
Kiyohime,Japan,rage
Kiyohime,Japan,unrequited
Kiyohime,Japan,love
Futakuchi-onna,Japan,womwith
Futakuchi-onna,Japan,second
Futakuchi-onna,Japan,mouth
Futakuchi-onna,Japan,back
Futakuchi-onna,Japan,head
Iwana-b?zu,Japan,buddhist
Iwana-b?zu,Japan,monk
Wani,Japan,crocodilian water
Wani,Japan,monster
Enk?,Japan,kappa shikokuwestern honsh?
Kashanbo,Japan,kappa climb
Kashanbo,Japan,mountains
Kashanbo,Japan,winter
Kappa,Japan,little
Kappa,Japan,people and
Kappa,Japan,water
Kappa,Japan,spirit
Kahaku,Japan,little
Kahaku,Japan,people and
Kahaku,Japan,water
Kahaku,Japan,spirits
Samebito,Japan,shark
Samebito,Japan,mservant
Samebito,Japan,dragon
Samebito,Japan,king
Samebito,Japan,sea
Taimatsumaru,Japan,tengu surrounded
Taimatsumaru,Japan,demonic
Taimatsumaru,Japan,fire
Karasu-tengu,Japan,tengu bird
Amor?nagu,Japan,tennyo island
Amor?nagu,Japan,amami
Amor?nagu,Japan,?shima
Kuchisake-onna,Japan,vengeful
Kuchisake-onna,Japan,ghost woman
Kuchisake-onna,Japan,mutilated
Kuchisake-onna,Japan,husband
Onry?,Japan,vengeful
Onry?,Japan,ghost
Gory?,Japan,vengeful
Gory?,Japan,ghost
Gory?,Japan,martyr
Morinji-no-okama,Japan,animated
Morinji-no-okama,Japan,tekettle
Makura-gaeshi,Japan,pillow
Makura-gaeshi,Japan,moving
Makura-gaeshi,Japan,spirit
Mujina,Japan,shapeshifting
Mujina,Japan,badger
Mujina,Japan,spirit
Mizuchi,Japan,water
Mizuchi,Japan,dragon
Jujak,Korea,bird
Kye-ryong,Korea,chicken
Kye-ryong,Korea,lizard
Kye-ryong,Korea,hybrid
Haetae,Korea,dog
Haetae,Korea,lion
Haetae,Korea,hybrid
Imugi,Korea,flightless
Imugi,Korea,dragon
Imugi,Korea,creatures
Kumiho,Korea,fox
Kumiho,Korea,spirit
Dokkaebi,Korea,grotesque
Dokkaebi,Korea,horned
Dokkaebi,Korea,humanoids
Chollima,Korea,supernaturally
Chollima,Korea,fast
Chollima,Korea,horse
Gumiho,Korea,demonic
Gumiho,Korea,fox
Gumiho,Korea,thousands
Gumiho,Korea,tails
Gumiho,Korea,believed
Gumiho,Korea,possess
Gumiho,Korea,army
Gumiho,Korea,spirits
Gumiho,Korea,magic
Gumiho,Korea,tails
Vilkacis,Latvia,animalistic
Vilkacis,Latvia,werewolf
Vilkacis,Latvia,monster
P??is,Latvia,dragon
Ve?i,Latvia,ghost
Ve?i,Latvia,shade
Ve?i,Latvia,formed
Ve?i,Latvia,after
Ve?i,Latvia,death
Ve?i,Latvia,human
Vad?t?js,Latvia,spirit
Vad?t?js,Latvia,misleads
Vad?t?js,Latvia,people
M?jas gari,Latvia,benevolent
M?jas gari,Latvia,house
M?jas gari,Latvia,spirit
Nykštukas,Lithuania,cavern
Nykštukas,Lithuania,spirit
Lauk? dvasios,Lithuania,field
Lauk? dvasios,Lithuania,spirit
Žiburinis,Lithuania,forest
Žiburinis,Lithuania,spirit
Žiburinis,Lithuania,form
Žiburinis,Lithuania,glowing
Žiburinis,Lithuania,skeleton
Jievaras,Lithuania,house
Jievaras,Lithuania,spirit
Aitvaras,Lithuania,household
Aitvaras,Lithuania,spirit
Ežerinis,Lithuania,lake
Ežerinis,Lithuania,spirit
Baubas,Lithuania,malevolent
Baubas,Lithuania,spirit
Ragana,Lithuania,malevolent
Ragana,Lithuania,witch
Kaukas,Lithuania,nature
Kaukas,Lithuania,spirit
Upinis,Lithuania,river
Upinis,Lithuania,spirit
Maro deiv?s,Lithuania,disease
Maro deiv?s,Lithuania,spirits
Hantu Raya,Malaysia,demonic
Hantu Raya,Malaysia,servant
Á Bao A Qu,Malaysia,entity
Á Bao A Qu,Malaysia,lives
Á Bao A Qu,Malaysia,tower
Á Bao A Qu,Malaysia,victory
Á Bao A Qu,Malaysia,chitor
Orang Bunian,Malaysia,forest
Orang Bunian,Malaysia,spirit
Polong,Malaysia,invisible
Polong,Malaysia,servant
Polong,Malaysia,spirit
Abath,Malaysia,one
Abath,Malaysia,horned
Abath,Malaysia,animal
Pelesit,Malaysia,servant
Pelesit,Malaysia,spirit
Toyol,Malaysia,servant
Toyol,Malaysia,spirit
Hantu Air,Malaysia,shapeshifting
Hantu Air,Malaysia,water
Hantu Air,Malaysia,spirit
Orang Minyak,Malaysia,spectral
Orang Minyak,Malaysia,rapist
Pontianak,Malaysia,undead
Pontianak,Malaysia,vampiric
Pontianak,Malaysia,women
Pontianak,Malaysia,died
Pontianak,Malaysia,childbirth
Penanggalan,Malaysia,vampires
Penanggalan,Malaysia,sever
Penanggalan,Malaysia,heads
Il-Bellieg?a,Malta,malevolent
Il-Bellieg?a,Malta,well
Il-Bellieg?a,Malta,spirit
Taotao Mona,Mariana Islands,ancestral
Taotao Mona,Mariana Islands,spirits
Tecumbalam,Mexico,bird
Xecotcovach,Mexico,bird
Camulatz,Mexico,bird
Camulatz,Mexico,ate
Camulatz,Mexico,heads
Camulatz,Mexico,first
Camulatz,Mexico,men
Huaychivo,Mexico,human
Huaychivo,Mexico,deer
Huaychivo,Mexico,hybrid
Vision Serpent,Mexico,mystical
Vision Serpent,Mexico,dragon
Alux,Mexico,little
Alux,Mexico,people
Abaia,Melanesia,huge
Abaia,Melanesia,magical
Abaia,Melanesia,eel
The Cu Bird,Mexico,el
The Cu Bird,Mexico,pájaro
The Cu Bird,Mexico,bird
Almas,Mongolia,savage
Almas,Mongolia,humanoid
Gurumapa,Nepal,child
Gurumapa,Nepal,eating
Gurumapa,Nepal,demon
Lakhey,Nepal,demon
Lakhey,Nepal,fangs
Khyah,Nepal,fat
Khyah,Nepal,hairy
Khyah,Nepal,ape
Khyah,Nepal,creature
Suangi,New Guinea,cannibalistic
Suangi,New Guinea,sorcerer
Oshun,Nigeria,god
Oshun,Nigeria,love
Oshun,Nigeria,fertility
Ogun,Nigeria,iron
Ogun,Nigeria,god
Ogun,Nigeria,yorub
Ogun,Nigeria,people
Svartál+2322:2353far,Norway,cavern
Svartálfar,Norway,spirits
Svartálfar,Norway,black
Svartálfar,Norway,elves
Níðhöggr,Norway,dragon
Sleipnir,Norway,eight
Sleipnir,Norway,legged
Sleipnir,Norway,horse
Valkyrie,Norway,female
Valkyrie,Norway,spirit
Valkyrie,Norway,leads
Valkyrie,Norway,souls
Valkyrie,Norway,dead
Valkyrie,Norway,warriors
Valkyrie,Norway,valhalla
Eldjötnar,Norway,fire
Eldjötnar,Norway,giants
Eldjötnar,Norway,muspelheim
Eldjötnar,Norway,surtr
Sjörå,Norway,freshwater
Sjörå,Norway,spirit
Hrímþursar,Norway,frost
Hrímþursar,Norway,giants
Hrímþursar,Norway,jotunheim niflheim
Garmr,Norway,giant
Garmr,Norway,ravenous
Garmr,Norway,hound
Hraesvelg,Norway,giant
Hraesvelg,Norway,eagle
Hraesvelg,Norway,form
Hraesvelg,Norway,wind
Hraesvelg,Norway,wings
Jötunn,Norway,gigantic
Jötunn,Norway,nature
Jötunn,Norway,spirits
Fenrir,Norway,gigantic
Fenrir,Norway,ravenous
Fenrir,Norway,wolf
Vedrfolnir,Norway,hawk
Vedrfolnir,Norway,eyes
Vedrfolnir,Norway,eagle
Vedrfolnir,Norway,crown
Vedrfolnir,Norway,tree
Vedrfolnir,Norway,yggdrasil
Half-elf,Norway,human
Half-elf,Norway,elf
Half-elf,Norway,hybrid
Habrok,Norway,hawk
Dökkálfar,Norway,male
Dökkálfar,Norway,ancestral
Dökkálfar,Norway,spirits
Dökkálfar,Norway,dark
Dökkálfar,Norway,elves
Bergrisar,Norway,mountain
Bergrisar,Norway,giants
Bergrisar,Norway,hrimthursar 
Bergsrå,Norway,mountain
Bergsrå,Norway,spirit
Troll,Norway,nature
Troll,Norway,spirit
Vættir,Norway,nature
Vættir,Norway,spirit
Landvættir,Norway,nature
Landvættir,Norway,spirits
Æsir,Norway,norway
Æsir,Norway,deities
Huginn and Muninn,Norway,ravens
Huginn and Muninn,Norway,norway
Huginn and Muninn,Norway,god odin
"Víðópnir,",Norway,rooster
"Víðópnir,",Norway,sits
"Víðópnir,",Norway,atop
"Víðópnir,",Norway,tree
Havsrå,Norway,saltwater
Havsrå,Norway,spirit
Jörmungandr,Norway,seserpent
Sjövættir,Norway,seaspirit
Rå,Norway,spirit
Rå,Norway,protects
Rå,Norway,specific
Rå,Norway,place
Einherjar,Norway,spirits
Einherjar,Norway,brave
Einherjar,Norway,warriors
Ratatoskr,Norway,squirrel
Ratatoskr,Norway,spirit
Dvergr,Norway,subterranean little
Dvergr,Norway,people smiths
Ljósálfar,Norway,sunlight
Ljósálfar,Norway,spirits
Ljósálfar,Norway,light
Ljósálfar,Norway,elves
Draugr,Norway,undead
Haugbui,Norway,undead
Haugbui,Norway,burial
Haugbui,Norway,mound
Svaðilfari,Norway,unnatural
Svaðilfari,Norway,strong
Svaðilfari,Norway,horse
Svaðilfari,Norway,father
Svaðilfari,Norway,sleipnir
Sköll,Norway,wolf
Sköll,Norway,chases
Sköll,Norway,sun
Loki,Norway,god
Loki,Norway,night
Thor,Norway,god
Thor,Norway,thunder
Thor,Norway,storm
Odin,Norway,king
Odin,Norway,asgard
Marmennill,Norway,mermen prophetic
Marmennill,Norway,abilities
Grassman,Ohio,ape
Grassman,Ohio,cryptid
Pishtaco,Peru,monster
Pishtaco,Peru,victim
Pishtaco,Peru,body
Pishtaco,Peru,fat
Pishtaco,Peru,cannibalistic
Tikbalang,Philippines,anthropomorphic
Tikbalang,Philippines,horse
Tigmamanukan,Philippines,asifairy
Tigmamanukan,Philippines,bluebird
Sarimanok,Philippines,bird
Sarimanok,Philippines,good
Sarimanok,Philippines,fortune
Ibong Adarna,Philippines,bird
Ibong Adarna,Philippines,changes
Ibong Adarna,Philippines,color
Ibong Adarna,Philippines,when
Ibong Adarna,Philippines,finishes
Ibong Adarna,Philippines,song
Aswang,Philippines,carrion
Aswang,Philippines,eating
Aswang,Philippines,humanoid
Kumakatok,Philippines,death
Kumakatok,Philippines,spirits
Hantu Demon,Philippines,demon
Tiyanak,Philippines,demons
Tiyanak,Philippines,are
Tiyanak,Philippines,souls
Tiyanak,Philippines,dead
Tiyanak,Philippines,unbaptized
Tiyanak,Philippines,babies
Batibat,Philippines,female
Batibat,Philippines,night
Batibat,Philippines,demon
Ekek,Philippines,flesh
Ekek,Philippines,eating
Ekek,Philippines,winged
Ekek,Philippines,humanoids
Minokawa,Philippines,giant
Minokawa,Philippines,swallow
Sigbin,Philippines,goat
Sigbin,Philippines,vampire
Pugot,Philippines,headless
Pugot,Philippines,humanoid
Kapre,Philippines,malevolent
Kapre,Philippines,tree
Kapre,Philippines,spirit
Nuno,Philippines,malevolent little
Nuno,Philippines,people
Engkanto,Philippines,neutral
Engkanto,Philippines,nature
Engkanto,Philippines,spirit
Kamatayan,Philippines,philippines
Kamatayan,Philippines,counterpart
Kamatayan,Philippines,death
Bathala,Philippines,primordial
Bathala,Philippines,god
Bathala,Philippines,creation
Bakunawa,Philippines,seaserpent
Bakunawa,Philippines,eclipses
Santelmo,Philippines,spirits
Santelmo,Philippines,fireballs
Santelmo,Philippines,roam
Santelmo,Philippines,forest
Diwata,Philippines,tree
Diwata,Philippines,spirit
Alan,Philippines,winged
Alan,Philippines,humanoid
Alan,Philippines,steals
Alan,Philippines,reproductive
Duwende,Philippines,little
Duwende,Philippines,people
Duwende,Philippines,house
Duwende,Philippines,spirits
Duwende,Philippines,nature
Multo,Philippines,spirit
Multo,Philippines,deceased
Multo,Philippines,person
Multo,Philippines,justice
Manananggal,Philippines,vampires
Manananggal,Philippines,sever
Manananggal,Philippines,torsos
Manananggal,Philippines,legs
Manananggal,Philippines,fly
Manananggal,Philippines,around
Sky Women,Poland,weather
Sky Women,Poland,spirit
Polevik,Poland,little
Polevik,Poland,people and
Polevik,Poland,field
Polevik,Poland,spirits
Karze?ek,Poland,little
Karze?ek,Poland,people and
Karze?ek,Poland,mine
Karze?ek,Poland,spirits
Enchanted Moor,Portugal,enchanted
Enchanted Moor,Portugal,princesses
Achlis,Rome,curious
Achlis,Rome,elk
Cacus,Rome,fire
Cacus,Rome,breathing
Cacus,Rome,giant
Di Penates,Rome,house
Di Penates,Rome,spirit
Lares,Rome,house
Lares,Rome,spirit
Faun,Rome,human
Faun,Rome,goat
Faun,Rome,hybrid
Faun,Rome,nature
Faun,Rome,spirit
Genius loci,Rome,spirit
Genius loci,Rome,protects
Genius loci,Rome,specific
Genius loci,Rome,place
Numen,Rome,tutelary
Numen,Rome,spirit
Strix,Rome,vampiric
Strix,Rome,bird
Manes,Rome,ancestral
Manes,Rome,spirits
Neptune,Rome,god
Neptune,Rome,freshwater
Neptune,Rome,sea
Vâlv?,Rome,female
Vâlv?,Rome,nature
Vâlv?,Rome,spirit
Iele,Rome,female
Iele,Rome,nature
Iele,Rome,spirits
Vântoase,Rome,female
Vântoase,Rome,weather
Vântoase,Rome,spirit
Uria?,Rome,giant
Ior,Rome,giant
Ior,Rome,creature
Ior,Rome,good
Ior,Rome,spirit
C?pc?un,Rome,large
C?pc?un,Rome,monstrous
C?pc?un,Rome,humanoid
Balaur,Rome,multi
Balaur,Rome,headed
Balaur,Rome,dragon
Sânzian?,Rome,nature
Sânzian?,Rome,spirit
Zân?,Rome,nature
Zân?,Rome,spirit
Strigoi,Rome,vampire
Vârcolac,Rome,vampire
Vârcolac,Rome,werewolf
Moroi,Rome,vampiric
Moroi,Rome,ghost
Zburator,Rome,wolf
Zburator,Rome,headed
Zburator,Rome,dragon
Spiridu?,Rome,little
Spiridu?,Rome,people
Pricolici,Rome,undead
Pricolici,Rome,wolf
Muma P?durii,Rome,forest
Muma P?durii,Rome,dwelling
Muma P?durii,Rome,hag
Zmeu,Rome,giant
Zmeu,Rome,kidnapping
Zmeu,Rome,girls
Ded Moroz,Russia,winter
Ded Moroz,Russia,spirit
Ded Moroz,Russia,gifts
Ded Moroz,Russia,children
Ded Moroz,Russia,new
Ded Moroz,Russia,year's
Ded Moroz,Russia,eve
Gagana,Russia,iron
Gagana,Russia,beaked
Gagana,Russia,bird
Gagana,Russia,copper
Gagana,Russia,talons
Indrik,Russia,one
Indrik,Russia,horned
Indrik,Russia,horse
Indrik,Russia,bull
Indrik,Russia,hybrid
Gamayun,Russia,prophetic
Gamayun,Russia,human headed
Gamayun,Russia,bird
Fylgja,Scandinavia,animal
Fylgja,Scandinavia,familiar
Gjenganger,Scandinavia,corporeal
Gjenganger,Scandinavia,ghost
Bysen,Scandinavia,diminutive
Bysen,Scandinavia,forest
Bysen,Scandinavia,spirit
Huldra,Scandinavia,forest
Huldra,Scandinavia,spirit
Skogsrå,Scandinavia,forest
Skogsrå,Scandinavia,spirit
Vardøger,Scandinavia,ghostly
Vardøger,Scandinavia,double
Nisse,Scandinavia,house
Nisse,Scandinavia,spirit
Tomte,Scandinavia,house
Tomte,Scandinavia,spirit
Hamingja,Scandinavia,personal
Hamingja,Scandinavia,protection
Hamingja,Scandinavia,spirit
Kraken,Scandinavia,semonster
Kajsa,Scandinavia,wind
Kajsa,Scandinavia,spirit
Mara,Scandinavia,female
Mara,Scandinavia,night
Mara,Scandinavia,demon
Myling,Scandinavia,ghosts
Myling,Scandinavia,unbaptized
Myling,Scandinavia,children
Drow,Scotland,cavern
Drow,Scotland,spirit
Caoineag,Scotland,death
Caoineag,Scotland,spirit
Cailleach,Scotland,divine
Cailleach,Scotland,creator
Cailleach,Scotland,weather
Cailleach,Scotland,deity
Cailleach,Scotland,hag
Cat Sidhe,Scotland,fairy
Cat Sidhe,Scotland,cat
Cu Sith,Scotland,gigantic
Cu Sith,Scotland,fairy
Cu Sith,Scotland,dog
Lavellan,Scotland,gigantic
Lavellan,Scotland,water
Lavellan,Scotland,rat
Glaistig,Scotland,human
Glaistig,Scotland,goat
Glaistig,Scotland,hybrid
Nuckelavee,Scotland,malevolent
Nuckelavee,Scotland,human horse
Nuckelavee,Scotland,fish
Nuckelavee,Scotland,hybrid
Bodach,Scotland,malevolent
Bodach,Scotland,spirit
Bogle,Scotland,malevolent
Bogle,Scotland,spirit
Wirry-cow,Scotland,malevolent
Wirry-cow,Scotland,spirit
Each Uisge,Scotland,malevolent
Each Uisge,Scotland,water
Each Uisge,Scotland,horse
Boobrie,Scotland,roaring
Boobrie,Scotland,water
Boobrie,Scotland,bird
Cirein cròin,Scotland,seserpent
Loch Ness Monster,Scotland,serpentine
Loch Ness Monster,Scotland,semonster
Tangie,Scotland,shapeshifting
Tangie,Scotland,water
Tangie,Scotland,spirit
Gigelorum,Scotland,smallest
Gigelorum,Scotland,animal
Pech,Scotland,strong little
Pech,Scotland,people
Ghillie Dhu,Scotland,tree
Ghillie Dhu,Scotland,guardian
Wraith,Scotland,water
Wraith,Scotland,spirit
Wraith,Scotland,ghostly
Wraith,Scotland,apparition
Wulver,Scotland,wolf
Wulver,Scotland,headed
Wulver,Scotland,humanoid
Wulver,Scotland,spirit
Psoglav,Serbia,dog
Psoglav,Serbia,headed
Psoglav,Serbia,monster
Bukavac,Serbia,six
Bukavac,Serbia,legged
Bukavac,Serbia,lake
Bukavac,Serbia,monster
Cikavac,Serbia,bird
Cikavac,Serbia,serves
Cikavac,Serbia,owner
BasCelik,Serbia,powerful
BasCelik,Serbia,evil
BasCelik,Serbia,winged
BasCelik,Serbia,man
BasCelik,Serbia,dehydration
Merlion,Singapore,combination
Merlion,Singapore,lion
Merlion,Singapore,fish
Merlion,Singapore,symbol
Merlion,Singapore,singapore
Zlatorog,Slovenia,white
Zlatorog,Slovenia,golden
Zlatorog,Slovenia,horned
Zlatorog,Slovenia,deer
Adaro,Solomon Islands,malevolent
Adaro,Solomon Islands,merfolk
Mono Grande,South America,giant
Mono Grande,South America,monkey
Yacumama,South America,semonster
Sango,Nigeria,yorubking
Sango,Nigeria,arts
Sango,Nigeria,music
Sango,Nigeria,dance
Sango,Nigeria,entertainment
Trasgo,Spain,grotesque
Trasgo,Spain,mischievous
Trasgo,Portugal,little
Trasgo,Portugal,people
Duende,Spain,little
Duende,Spain,people and
Duende,Portugal,forest
Duende,Portugal,spirits
Asakku,Iraq,demon
Anzû,Iraq,divine
Anzû,Iraq,storm
Anzû,Iraq,bird
Apkallu,Iraq,fish
Apkallu,Iraq,human hybrid
Apkallu,Iraq,attends
Apkallu,Iraq,god enki
Gidim,Iraq,ghost
Edimmu,Iraq,ghosts
Edimmu,Iraq,those
Edimmu,Iraq,not
Edimmu,Iraq,buried
Edimmu,Iraq,properly
Asag,Iraq,hideous
Asag,Iraq,rock
Asag,Iraq,demon
Scorpion Man,Iraq,human scorpion
Scorpion Man,Iraq,hybrid
Jerff,Sweden,gluttonous
Jerff,Sweden,dog
Jerff,Sweden,cat
Jerff,Sweden,fox
Jerff,Sweden,hybrid
Radande,Sweden,tree
Radande,Sweden,spirit
Barbegazi,Switzerland,dwarf
Barbegazi,Switzerland,giant
Barbegazi,Switzerland,snowshoe
Barbegazi,Switzerland,feet
Türst,Switzerland,legendary
Türst,Switzerland,figure
Türst,Switzerland,turns
Türst,Switzerland,people
Türst,Switzerland,dogs
Phi Tai Hong,Thailand,ghost
Phi Tai Hong,Thailand,person
Phi Tai Hong,Thailand,died
Phi Tai Hong,Thailand,suddenly
Phi Tai Hong,Thailand,violent
Phi Tai Hong,Thailand,cruel
Phi Tai Hong,Thailand,death
Nariphon,Thailand,pod
Nariphon,Thailand,people
Naga fireballs,Thailand,spectral
Naga fireballs,Thailand,fire
Nang Takian,Thailand,tree
Nang Takian,Thailand,spirit
Soucouyant,Trinidad and Tobago,vampiric
Soucouyant,Trinidad and Tobago,hag
Soucouyant,Trinidad and Tobago,takes
Soucouyant,Trinidad and Tobago,form
Soucouyant,Trinidad and Tobago,fireball
Soucouyant,Trinidad and Tobago,night
Karakura,Turkey,male
Karakura,Turkey,night
Karakura,Turkey,demon
Hidebehind,United States,nocturnal
Hidebehind,United States,forest
Hidebehind,United States,creature
La Sayona,Venezuela,female
La Sayona,Venezuela,ghost
La Sayona,Venezuela,punishes
La Sayona,Venezuela,unfaithful
La Sayona,Venezuela,husbands
R?ng -,Vietnam,dragon
Cyhyraeth,Great Britain,death
Cyhyraeth,Great Britain,spirit
Llamhigyn Y Dwr,Great Britain,frog
Llamhigyn Y Dwr,Great Britain,bat
Llamhigyn Y Dwr,Great Britain,lizard
Llamhigyn Y Dwr,Great Britain,hybrid
Adar Llwch Gwin,Great Britain,giant
Adar Llwch Gwin,Great Britain,birds
Adar Llwch Gwin,Great Britain,understand
Adar Llwch Gwin,Great Britain,human
Bendigeidfran,Great Britain,giant
Bendigeidfran,Great Britain,king
Afanc,Great Britain,lake
Afanc,Great Britain,monster
Gwyllion,Great Britain,malevolent
Gwyllion,Great Britain,spirit
Ceffyl D?r,Great Britain,malevolent
Ceffyl D?r,Great Britain,water
Ceffyl D?r,Great Britain,horse
Tylwyth Teg,Great Britain,nature
Tylwyth Teg,Great Britain,spirit
Púca,Great Britain,shapeshifting
Púca,Great Britain,animal
Púca,Great Britain,spirit
C?n Annwn,Great Britain,underworld
C?n Annwn,Great Britain,hunting
C?n Annwn,Great Britain,dog
Gwyllgi,Great Britain,black
Gwyllgi,Great Britain,dog
Coblynau,Great Britain,little
Coblynau,Great Britain,people and
Coblynau,Great Britain,mine
Coblynau,Great Britain,spirits
Mallt-y-Nos,Great Britain,spirit
Mallt-y-Nos,Great Britain,hunt
Obia,West Africa,gigantic
Obia,West Africa,animal
Obia,West Africa,serves
Obia,West Africa,witches
Asanbosam,West Africa,iron
Asanbosam,West Africa,toothed
Asanbosam,West Africa,vampire
Zin,West Africa,water
Zin,West Africa,spirits
Madam Koi Koi,West Africa,female
Madam Koi Koi,West Africa,ghost
Ninki Nanka,West Africa,large
Ninki Nanka,West Africa,reptile
Ninki Nanka,West Africa,possibly
Ninki Nanka,West Africa,dragon
